pageUrl,src,type,alt,hasAlt,naturalWidth,naturalHeight,displayWidth,displayHeight,loadingAttr,wasLazyLoaded,visible,inViewport
https://drancich.com/,,image,,false,,,,,,false,false,false
https://drancich.com/,,image,,false,,,,,,true,false,false
https://drancich.com/about-us/,,image,,false,,,,,,false,false,false
https://drancich.com/about-us/,,image,,false,,,,,,false,false,false
https://drancich.com/about-us/,,image,,false,,,,,,false,false,false
https://drancich.com/about-us/,,image,,false,,,,,,true,false,false
https://drancich.com/about-us/,,image,,false,,,,,,true,false,false
https://drancich.com/about-us/,,image,,false,,,,,,true,false,false
https://drancich.com/about-us/,,image,,false,,,,,,true,false,false
https://drancich.com/about-us/,,image,,false,,,,,,true,false,false
https://drancich.com/about-us/,,image,,false,,,,,,false,false,false
https://drancich.com/about-us/,,image,,false,,,,,,false,false,false
https://drancich.com/about-us/,,image,,false,,,,,,false,false,false
https://drancich.com/about-us/,,image,,false,,,,,,false,false,false
https://drancich.com/about-us/,,image,,false,,,,,,false,false,false
https://drancich.com/about-us/,,image,,false,,,,,,false,false,false
https://drancich.com/about-us/,,image,,false,,,,,,false,false,false
https://drancich.com/about-us/,,image,,false,,,,,,false,false,false
https://drancich.com/about-us/,,image,,false,,,,,,false,false,false
https://drancich.com/about-us/,,image,,false,,,,,,false,false,false
https://drancich.com/about-us/,,image,,false,,,,,,false,false,false
https://drancich.com/about-us/,,image,,false,,,,,,false,false,false
https://drancich.com/about-us/,,image,,false,,,,,,false,false,false
https://drancich.com/about-us/,,image,,false,,,,,,false,false,false
https://drancich.com/about-us/,,image,,false,,,,,,false,false,false
https://drancich.com/about-us/,,image,,false,,,,,,false,false,false
https://drancich.com/about-us/,,image,,false,,,,,,false,false,false
https://drancich.com/about-us/,,image,,false,,,,,,false,false,false
https://drancich.com/about-us/,,image,,false,,,,,,false,false,false
https://drancich.com/about-us/,,image,,false,,,,,,false,false,false
https://drancich.com/about-us/,,image,,false,,,,,,false,false,false
https://drancich.com/about-us/,,image,,false,,,,,,false,false,false
https://drancich.com/about-us/,,image,,false,,,,,,false,false,false
https://drancich.com/about-us/,,image,,false,,,,,,false,false,false
https://drancich.com/about-us/,,image,,false,,,,,,false,false,false
https://drancich.com/about-us/,,image,,false,,,,,,false,false,false
https://drancich.com/about-us/,,image,,false,,,,,,false,false,false
https://drancich.com/about-us/,,image,,false,,,,,,false,false,false
https://drancich.com/about-us/,,image,,false,,,,,,false,false,false
https://drancich.com/about-us/,,image,,false,,,,,,false,false,false
https://drancich.com/about-us/,,image,,false,,,,,,false,false,false
https://drancich.com/about-us/,,image,,false,,,,,,false,false,false
https://drancich.com/about-us/,,image,,false,,,,,,false,false,false
https://drancich.com/about-us/,,image,,false,,,,,,false,false,false
https://drancich.com/about-us/,,image,,false,,,,,,false,false,false
https://drancich.com/about-us/,,image,,false,,,,,,false,false,false
https://drancich.com/about-us/,,image,,false,,,,,,false,false,false
https://drancich.com/about-us/,,image,,false,,,,,,false,false,false
https://drancich.com/about-us/,,image,,false,,,,,,false,false,false
https://drancich.com/about-us/,,image,,false,,,,,,false,false,false
https://drancich.com/about-us/,,image,,false,,,,,,false,false,false
https://drancich.com/about-us/,,image,,false,,,,,,false,false,false
https://drancich.com/about-us/,,image,,false,,,,,,false,false,false
https://drancich.com/about-us/,,image,,false,,,,,,false,false,false
https://drancich.com/about-us/,,image,,false,,,,,,false,false,false
https://drancich.com/about-us/,,image,,false,,,,,,false,false,false
https://drancich.com/about-us/,,image,,false,,,,,,false,false,false
https://drancich.com/about-us/,,image,,false,,,,,,false,false,false
https://drancich.com/about-us/,,image,,false,,,,,,false,false,false
https://drancich.com/about-us/,,image,,false,,,,,,false,false,false
https://drancich.com/about-us/,,image,,false,,,,,,false,false,false
https://drancich.com/about-us/,,image,,false,,,,,,false,false,false
https://drancich.com/about-us/,,image,,false,,,,,,false,false,false
https://drancich.com/about-us/,,image,,false,,,,,,false,false,false
https://drancich.com/about-us/,,image,Street View Pegman Control,true,,,,,,false,false,false
https://drancich.com/about-us/,,image,Pegman is on top of the Map,true,,,,,,false,false,false
https://drancich.com/about-us/,,image,Street View Pegman Control,true,,,,,,false,false,false
https://drancich.com/about-us/,,image,Google,true,,,,,,false,false,false
https://drancich.com/services/,,image,,false,,,,,,false,false,false
https://drancich.com/services/,,image,,false,,,,,,true,false,false
https://drancich.com/contact-us/,,image,,false,,,,,,false,false,false
https://drancich.com/contact-us/,,image,,false,,,,,,true,false,false
https://drancich.com/contact-us/,,image,,false,,,,,,false,false,false
https://drancich.com/contact-us/,,image,,false,,,,,,false,false,false
https://drancich.com/contact-us/,,image,,false,,,,,,false,false,false
https://drancich.com/contact-us/,,image,,false,,,,,,false,false,false
https://drancich.com/contact-us/,,image,,false,,,,,,false,false,false
https://drancich.com/contact-us/,,image,,false,,,,,,false,false,false
https://drancich.com/contact-us/,,image,,false,,,,,,false,false,false
https://drancich.com/contact-us/,,image,,false,,,,,,false,false,false
https://drancich.com/contact-us/,,image,,false,,,,,,false,false,false
https://drancich.com/contact-us/,,image,,false,,,,,,false,false,false
https://drancich.com/contact-us/,,image,,false,,,,,,false,false,false
https://drancich.com/contact-us/,,image,,false,,,,,,false,false,false
https://drancich.com/contact-us/,,image,,false,,,,,,false,false,false
https://drancich.com/contact-us/,,image,,false,,,,,,false,false,false
https://drancich.com/contact-us/,,image,,false,,,,,,false,false,false
https://drancich.com/contact-us/,,image,,false,,,,,,false,false,false
https://drancich.com/contact-us/,,image,,false,,,,,,false,false,false
https://drancich.com/contact-us/,,image,,false,,,,,,false,false,false
https://drancich.com/contact-us/,,image,,false,,,,,,false,false,false
https://drancich.com/contact-us/,,image,,false,,,,,,false,false,false
https://drancich.com/contact-us/,,image,,false,,,,,,false,false,false
https://drancich.com/contact-us/,,image,,false,,,,,,false,false,false
https://drancich.com/contact-us/,,image,,false,,,,,,false,false,false
https://drancich.com/contact-us/,,image,,false,,,,,,false,false,false
https://drancich.com/contact-us/,,image,,false,,,,,,false,false,false
https://drancich.com/contact-us/,,image,,false,,,,,,false,false,false
https://drancich.com/contact-us/,,image,,false,,,,,,false,false,false
https://drancich.com/contact-us/,,image,,false,,,,,,false,false,false
https://drancich.com/contact-us/,,image,,false,,,,,,false,false,false
https://drancich.com/contact-us/,,image,,false,,,,,,false,false,false
https://drancich.com/contact-us/,,image,,false,,,,,,false,false,false
https://drancich.com/contact-us/,,image,,false,,,,,,false,false,false
https://drancich.com/contact-us/,,image,,false,,,,,,false,false,false
https://drancich.com/contact-us/,,image,,false,,,,,,false,false,false
https://drancich.com/contact-us/,,image,,false,,,,,,false,false,false
https://drancich.com/contact-us/,,image,,false,,,,,,false,false,false
https://drancich.com/contact-us/,,image,,false,,,,,,false,false,false
https://drancich.com/contact-us/,,image,,false,,,,,,false,false,false
https://drancich.com/contact-us/,,image,,false,,,,,,false,false,false
https://drancich.com/contact-us/,,image,,false,,,,,,false,false,false
https://drancich.com/contact-us/,,image,,false,,,,,,false,false,false
https://drancich.com/contact-us/,,image,,false,,,,,,false,false,false
https://drancich.com/contact-us/,,image,,false,,,,,,false,false,false
https://drancich.com/contact-us/,,image,,false,,,,,,false,false,false
https://drancich.com/contact-us/,,image,,false,,,,,,false,false,false
https://drancich.com/contact-us/,,image,,false,,,,,,false,false,false
https://drancich.com/contact-us/,,image,,false,,,,,,false,false,false
https://drancich.com/contact-us/,,image,,false,,,,,,false,false,false
https://drancich.com/contact-us/,,image,,false,,,,,,false,false,false
https://drancich.com/contact-us/,,image,,false,,,,,,false,false,false
https://drancich.com/contact-us/,,image,,false,,,,,,false,false,false
https://drancich.com/contact-us/,,image,,false,,,,,,false,false,false
https://drancich.com/contact-us/,,image,,false,,,,,,false,false,false
https://drancich.com/contact-us/,,image,,false,,,,,,false,false,false
https://drancich.com/contact-us/,,image,Street View Pegman Control,true,,,,,,false,false,false
https://drancich.com/contact-us/,,image,Pegman is on top of the Map,true,,,,,,false,false,false
https://drancich.com/contact-us/,,image,Street View Pegman Control,true,,,,,,false,false,false
https://drancich.com/contact-us/,,image,Google,true,,,,,,false,false,false
https://drancich.com/privacy-policy/,,image,,false,,,,,,false,false,false
https://drancich.com/privacy-policy/,,image,,false,,,,,,true,false,false
